Name,Species,Powers,Description
Heatblast,Pyronite,Fire Manipulation and Flight,Red fire alien made of magma; shoots flames and flies.
Four Arms,Tetramand,Super Strength and Durability,Large red muscular alien with four arms and great strength.
XLR8,Kineceleran,Super Speed and Reflexes,Blue raptor-like speed alien with extreme acceleration.
Diamondhead,Petrosapien,Crystal Manipulation,Green crystal-bodied alien with sharp crystal attacks.
Grey Matter,Galvan,Super Intelligence,Small grey intelligent alien with genius-level mind.
Wildmutt,Vulpimancer,Enhanced Senses and Agility,Beast-like alien with enhanced senses and agility.
Alien X,Celestialsapien,Reality Warping,Cosmic black-and-white entity with godlike power.
AmpFibian,Amperi,Electricity Manipulation,Blue electric jellyfish-style alien.
Big Chill,Necrofriggian,Cryokinesis & Intangibility,Blue ghost-like alien that freezes objects.
Armodrillo,Talpaedan,Seismic Punching & Drilling,Yellow armored alien that drills and causes quakes.
Blitzwolfer,Loboan,Sonic Howl,Werewolf-like alien with sonic screams.
Buzzshock,Nosedeenian,Electrical Discharge,Small yellow electric alien.
EyeGuy,Opticoid,Energy Beam Projection,Alien covered in eyes that shoot beams.
Ghostfreak,Ectonurite,Intangibility & Possession,Ghost-like alien that phases and possesses.
Goop,Polymorph,Shape-Shifting & Acidic Sludge,Green slime alien controlled by an anti-gravity disc.
Highbreed,Highbreed,Enhanced Strength & Regeneration,White elite alien species with battle abilities.
Humongousaur,Vaxasaurian,Size Growth & Strength,Dinosaur-like alien that grows massive.
Jetray,Aerophibian,Neuroshock Beams & Flight,Red-and-yellow winged alien with high-speed flight.
Kevin 11,Mutant,Multiple Powers Absorption,Mutant combining multiple alien powers.
NRG,Prypiatosian-B,Radiation Energy Release,Radioactive alien inside a protective suit.
Ripjaws,Piscciss Volann,Aquatic Adaptation,Fish-like underwater alien.
Spidermonkey,Arachnichimp,Web-Shooting & Agility,Monkey-spider hybrid alien.
Stinkfly,Lepidopterran,Flight & Acid Spit,Insect alien that spits acid.
Swampfire,Methanosian,Regeneration & Fire Manipulation,Plant-fire alien that regenerates.
Turtlepin,Unknown,Shell Defense,Turtle-like alien with strong defense.
Ultimate Humungousaur,Vaxasaurian (Ultimate),Missile Launchers & Enhanced Strength,Upgraded dinosaur with armor and missiles.
Rath,Appoplexian (Ultimate),Enhanced Strength & Combat Rage,"Stronger, angrier version of Rath."
Upgrade,Galvanic Mechamorph,Tech Manipulation,Tech-merging alien that upgrades machines.
Vilgax,Chimera Sui Generis,Super Strength & Combat Mastery,Ben 10â€™s main villain with huge power.
Water Hazard,Orishan,Water Jets & Hydro Manipulation,Red armored water-shooting alien.
Way Big,To'kustar,Gigantic Strength,Towering giant alien with cosmic power.
Wildvine,Florauna,Vine Generation,Plant alien producing vines and seeds.
Upchuck,Gourmand,Energy Conversion,Small alien that eats anything.
Echo Echo,Sonorosian,Sonic Screaming & Duplication,White alien that multiplies and screams sonically.
